{"cameraMode":{"drawMode":0,"name":"Shaded","section":"Shading Mode"},"sceneLighting":true,"audioPlay":false,"sceneViewState":{"showFog":true,"showMaterialUpdate":false,"showSkybox":true,"showFlares":true,"showImageEffects":true,"showParticleSystems":true},"in2DMode":false,"pivot":{"x":37.30070877075195,"y":-14.38625717163086,"z":52.382137298583987},"rotation":{"x":0.16687262058258058,"y":0.6925410032272339,"z":-0.1697038859128952,"w":0.6809853911399841},"size":132.0450897216797,"orthographic":false}